epk,book
3601,leiden_or_1278
3416,sbb_glaser_96
3415,tuebingen_ma_vi_141
3408,leipzig_vollers_686
3390,sbzb_ms_or_oct_2900
3389,sbzb_ms_or_oct_38
3388,sbzb_hs_or_933
3387,leipzig_vollers_832
3386,sbzb_diez_a_quart_95
3385,leipzig_vollers_659
3383,sbzb_diez_a_quart_67
3365,astan_quds_5643
3364,heidelberg_cod_orient_148
3361,gotha_ms_orient_a_1632
3363,zahiriyya_umariyya_3860
3362,sbzb_petermann_ii_446
3359,sbzb_schoemann_v_10
3358,museum_negeri_07_00148
3356,sbzb_schoemann_v_3
3357,sbzb_schoemann_v_5
3355,sbzb_ms_or_fol_404
3354,leipzig_vollers_656
3353,leipzig_vollers_393
3352,sbb_sprenger_275
3351,sbzb_wetzstein_ii_289
3348,leipzig_vollers_226
3347,leipzig_vollers_110
3345,sbzb_wetzstein_ii_1704
3344,sbzb_ms_or_quart_98
3343,sbzb_landberg_232
3342,sbzb_glaser_18
3341,sbzb_ms_or_oct_265
3340,gotha_ms_orient_p_35
3339,bsb_cod_arab_463
3338,leipzig_cod_arab_129
3336,leipzig_vollers_113_1
3335,bnf_arabe_5754
3333,michigan_isl_ms_687
3332,michigan_isl_ms_193
3331,sbzb_ms_or_oct_3044
3318,michigan_isl_ms_943
3317,michigan_isl_ms_131
3316,mcgill_manuscript_40
3315,michigan_isl_ms_691_1
3215,leipzig_cod_turc_104
3219,leiden_university_or_504
3241,leipzig_vollers_778
3237,columbia_ms_or_150
3178,leiden_university_or_1094
3230,princeton_new_series_no_1715
3229,harvard_ms_turk_19
3228,princeton_new_series_no_2030
3227,princeton_new_series_no_1537
3225,chester_beatty_ar_3112
3223,chester_beatty_ar_3838
3216,bsb_cod_arab_1071
3209,tubingen_ma_vi_42
3214,tubingen_ma_vi_96
3213,tubingen_ma_vii_132
3212,tubingen_ma_vii_72
3211,tubingen_ma_vii_161
3210,tubingen_ma_vi_30
3208,tubingen_ma_viii_106
3207,tubingen_ma_vi_83
3206,bl_arundel_or_41
3202,bnf_supplement_turc_984
3201,sbzb_wetzstein_ii_1114
3200,sbzb_wetzstein_ii_1116
3197,national_library_of_israel_ms_ar_497
3196,national_library_of_israel_ms_yah_ar_256
3195,princeton_garrett_no_1856Y
3193,national_library_of_israel_ms_yah_ar_308
3192,gotha_ms_orient_a_2608
3189,gotha_ms_orient_a_2435
3188,sbzb_ms_or_fol_4181
3185,princeton_third_series_no_265
3186,princeton_new_series_no_1010
3187,princeton_garrett_no_900h
3184,princeton_third_series_no_456
3183,princeton_garrett_no_556h
3182,princeton_garrett_no_302b
3181,princeton_garrett_no_1393Yy
3180,forschungsbibliothek_gotha_ms_orient_a_102
3179,sbzb_sprenger_1654
119,vollers_1043
49,princeton_isl_ms_garrett_no_106h
52,princeton_islamic_manuscripts_garrett_no_1500y
112,leiden_or_6634
110,princeton_garrett_no_3130y
109,uppsala_o_vet_60
105,leiden_or_7053
104,leiden_or_1543
102,leiden_or_1076
101,leiden_or_775
100,princeton_garrett_no_207h
99,michigan_isl_ms_390
98,harvard_ms_arab_225
96,jarring_prov_36
97,jarring_prov_2
61,harvard_university_ms_arab_250
60,leipzig_b_or_230a
59,leipzig_b_or_230b
58,vieac_10314
54,vieac_8056v
53,grabc_32965_1
51,princeton_islamic_Manuscripts_garrett_no_2858y
50,princeton_islamic_manuscripts_garrett_no_459h
48,princeton_isl_ms_garrett_no_1454y
47,princeton_isl_ms_new_series_no_544
46,princeton_islamic_manuscripts_garrett_no_1549y
45,princeton_isl_ms_princeton_garrett_no_83g
44,princeton_new_series_no_202q_oversize
43,princeton_isl_ms_garrett_no_131w
42,princeton_isl_ms_third_series_no_349
40,rbsc_islam_ms_isl_0097
39,rbsc_ms_bw_ivanow_0157
38,michigan_isl_ms_353
37,columbia_ms_or_26
36,bnf_arabe_5046
35,slub_mscr_dresd_ea_84
34,leipzig_b_or_102
32,sbzb_ms_or_fol_248
31,sbzb_wetzstein_ii_1689
